NUM_SERVERS;NUM_CLIENTS;NUM_CANDS;THRESHOLD;BIT_LENGTH;Use_Elliptic_Curve;t_setup;t_gen_ballots;t_make_clients;t_encrypt_ballots;t_send_ballots;time_mixing;time_verifying_proofs;t_pool_shares;t_decrypt;t_tally;time_total
5;20;5;3;3072;False;0.024827957153320312;0.0002639293670654297;1.9073486328125e-05;1.5788953304290771;4.5299530029296875e-06;43.29309606552124;27.50865411758423;1.6689300537109375e-06;18.04113793373108;0.0002200603485107422;90.44714903831482
5;40;5;3;3072;False;0.024799346923828125;0.00036597251892089844;3.0994415283203125e-05;3.156524181365967;7.3909759521484375e-06;86.22099661827087;55.26502823829651;2.384185791015625e-06;36.06181001663208;0.0003604888916015625;180.7299666404724
5;60;5;3;3072;False;0.024832725524902344;0.0004730224609375;4.458427429199219e-05;4.737166404724121;1.049041748046875e-05;129.10899949073792;83.04410529136658;3.5762786865234375e-06;53.96009421348572;0.0004737377166748047;270.8762662410736
5;80;5;3;3072;False;0.024791240692138672;0.0005555152893066406;5.1975250244140625e-05;6.313492298126221;1.2159347534179688e-05;172.16083216667175;110.95703053474426;3.337860107421875e-06;72.09363508224487;0.0007278919219970703;361.5512070655823
5;100;5;3;3072;False;0.02482748031616211;0.0006718635559082031;6.651878356933594e-05;7.8930230140686035;1.6927719116210938e-05;215.12093782424927;138.80984473228455;4.0531158447265625e-06;90.23420119285583;0.0007615089416503906;452.0844464302063
5;120;5;3;3072;False;0.024821996688842773;0.0007696151733398438;7.915496826171875e-05;9.47122049331665;1.8358230590820312e-05;258.1043200492859;166.7731785774231;3.814697265625e-06;108.29006171226501;0.0009768009185791016;542.6655507087708
5;140;5;3;3072;False;0.024768352508544922;0.0008692741394042969;0.00013756752014160156;11.052289247512817;1.9073486328125e-05;301.1206085681915;194.81739234924316;2.86102294921875e-06;126.47019743919373;0.001073598861694336;633.4874699115753
5;160;5;3;3072;False;0.024758100509643555;0.0009427070617675781;0.0001442432403564453;12.62916874885559;2.288818359375e-05;344.0406656265259;222.79336094856262;2.86102294921875e-06;144.39790606498718;0.0012774467468261719;723.8883638381958
5;180;5;3;3072;False;0.024775981903076172;0.00106048583984375;0.00015926361083984375;14.20866060256958;2.4318695068359375e-05;387.13482642173767;251.02629494667053;3.337860107421875e-06;162.2615659236908;0.0013742446899414062;814.6588685512543
5;200;5;3;3072;False;0.02477717399597168;0.0011470317840576172;0.00017690658569335938;15.797631978988647;2.574920654296875e-05;430.2935984134674;279.1703281402588;3.337860107421875e-06;180.37562561035156;0.0014832019805908203;905.6649351119995
5;220;5;3;3072;False;0.02481865882873535;0.0012218952178955078;0.00018215179443359375;17.363678455352783;2.8133392333984375e-05;473.1805508136749;307.39251589775085;3.337860107421875e-06;198.21302247047424;0.0016448497772216797;996.1778309345245
5;240;5;3;3072;False;0.024808645248413086;0.0013175010681152344;0.0001919269561767578;18.943145275115967;3.719329833984375e-05;516.3318240642548;335.5778167247772;3.814697265625e-06;216.3890347480774;0.0018415451049804688;1087.2702152729034
5;260;5;3;3072;False;0.024766921997070312;0.0014376640319824219;0.00020694732666015625;20.519389629364014;3.457069396972656e-05;559.384946346283;363.8042721748352;4.5299530029296875e-06;234.3588523864746;0.0018870830535888672;1178.0959780216217
5;280;5;3;3072;False;0.024802684783935547;0.0014929771423339844;0.00021839141845703125;22.101163864135742;3.719329833984375e-05;602.4743556976318;392.28920793533325;3.814697265625e-06;252.32793259620667;0.0024077892303466797;1269.2218134403229
5;300;5;3;3072;False;0.024774789810180664;0.0016193389892578125;0.00023698806762695312;23.677514791488647;3.933906555175781e-05;645.6754245758057;420.74547362327576;3.5762786865234375e-06;270.71152567863464;0.00244903564453125;1360.8392541408539
5;320;5;3;3072;False;0.02476668357849121;0.0017099380493164062;0.0007221698760986328;25.25825023651123;4.482269287109375e-05;689.0154328346252;449.31823778152466;3.814697265625e-06;288.28292965888977;0.0022394657135009766;1451.9045445919037
5;340;5;3;3072;False;0.024829626083374023;0.0018000602722167969;0.0007269382476806641;26.837904453277588;4.38690185546875e-05;732.1459078788757;477.8589162826538;4.291534423828125e-06;306.82679772377014;0.002450227737426758;1543.699599981308
5;360;5;3;3072;False;0.0247800350189209;0.001965045928955078;0.0007462501525878906;28.421604871749878;4.458427429199219e-05;775.2882323265076;506.1447238922119;3.814697265625e-06;324.8350052833557;0.0025424957275390625;1634.7198808193207
5;380;5;3;3072;False;0.024803638458251953;0.002010822296142578;0.0007803440093994141;29.986640214920044;4.673004150390625e-05;818.2857267856598;534.8222763538361;3.5762786865234375e-06;342.54008865356445;0.002683877944946289;1725.6653230190277
5;400;5;3;3072;False;0.02480602264404297;0.002077341079711914;0.0007851123809814453;31.586660146713257;5.0067901611328125e-05;861.8904538154602;563.4810221195221;4.0531158447265625e-06;360.9662263393402;0.0032029151916503906;1817.9555311203003
5;420;5;3;3072;False;0.02482748031616211;0.002338409423828125;0.0007982254028320312;33.15272665023804;5.1021575927734375e-05;905.0081493854523;592.1372849941254;3.5762786865234375e-06;378.4086492061615;0.0031211376190185547;1908.7382154464722
5;440;5;3;3072;False;0.024840116500854492;0.002307891845703125;0.00079345703125;34.73021173477173;5.698204040527344e-05;948.0756449699402;620.6469550132751;4.291534423828125e-06;396.27001667022705;0.0032689571380615234;1999.754399061203
5;460;5;3;3072;False;0.024811744689941406;0.0023522377014160156;0.0008115768432617188;36.31050395965576;5.435943603515625e-05;991.5439040660858;649.651251077652;3.5762786865234375e-06;414.63757252693176;0.0033807754516601562;2092.174936771393
5;480;5;3;3072;False;0.024786949157714844;0.002519369125366211;0.0008587837219238281;37.89101266860962;6.151199340820312e-05;1034.8722577095032;678.4113655090332;3.337860107421875e-06;433.10072660446167;0.003568887710571289;2184.3074638843536
5;500;5;3;3072;False;0.024817705154418945;0.0025832653045654297;0.0008637905120849609;39.465092420578;6.580352783203125e-05;1077.814267873764;707.3027665615082;3.337860107421875e-06;451.028605222702;0.003692626953125;2275.64306640625
5;520;5;3;3072;False;0.024799346923828125;0.002797365188598633;0.0008845329284667969;41.031370878219604;6.103515625e-05;1121.5136728286743;736.6857123374939;3.814697265625e-06;469.52642154693604;0.003706693649291992;2368.789731502533
5;540;5;3;3072;False;0.024775981903076172;0.0027658939361572266;0.0008842945098876953;42.6198935508728;6.818771362304688e-05;1164.7683236598969;765.7346403598785;4.0531158447265625e-06;486.731561422348;0.004103183746337891;2459.887353181839
5;560;5;3;3072;False;0.024795055389404297;0.0028471946716308594;0.0009024143218994141;44.19688129425049;6.580352783203125e-05;1207.9739618301392;794.6213948726654;4.0531158447265625e-06;504.86008501052856;0.004239082336425781;2551.685511112213
5;580;5;3;3072;False;0.02480316162109375;0.002908468246459961;0.0009024143218994141;45.7744345664978;7.62939453125e-05;1251.7517218589783;823.8865430355072;3.814697265625e-06;523.0680074691772;0.00448298454284668;2644.5142595767975
5;600;5;3;3072;False;0.02480030059814453;0.0029947757720947266;0.0009226799011230469;47.35660982131958;7.486343383789062e-05;1294.9056856632233;852.9700639247894;3.814697265625e-06;541.4690384864807;0.004753589630126953;2736.7353024482727
5;32;4;3;3072;False;0.024794340133666992;0.0003159046173095703;2.5033950805664062e-05;2.521653652191162;5.7220458984375e-06;69.05814290046692;44.162381172180176;2.6226043701171875e-06;28.851971864700317;0.000270843505859375;144.61959743499756
5;32;6;3;3072;False;0.024860858917236328;0.0003390312194824219;2.47955322265625e-05;2.529308795928955;7.867813110351562e-06;69.03093338012695;44.14765405654907;1.430511474609375e-06;28.8546142578125;0.00040078163146972656;144.5881769657135
5;32;8;3;3072;False;0.024814367294311523;0.00037026405334472656;2.6226043701171875e-05;2.5377986431121826;7.62939453125e-06;69.0320827960968;44.15021347999573;3.0994415283203125e-06;28.833139896392822;0.0006127357482910156;144.57910871505737
5;32;10;3;3072;False;0.024843215942382812;0.00040602684020996094;2.6464462280273438e-05;2.546107530593872;7.62939453125e-06;69.03510093688965;44.169965982437134;2.1457672119140625e-06;28.864817142486572;0.0009410381317138672;144.6422519683838
5;32;12;3;3072;False;0.024822711944580078;0.0004360675811767578;2.5272369384765625e-05;2.5561482906341553;5.9604644775390625e-06;69.0326681137085;44.14892387390137;1.430511474609375e-06;28.853142023086548;0.0011477470397949219;144.6173553466797
5;32;14;3;3072;False;0.02481245994567871;0.00045561790466308594;2.5272369384765625e-05;2.5672268867492676;5.9604644775390625e-06;69.04274487495422;44.15193033218384;2.1457672119140625e-06;28.83701515197754;0.0014731884002685547;144.62572479248047
5;32;16;3;3072;False;0.024774789810180664;0.00048422813415527344;2.5987625122070312e-05;2.5801773071289062;6.198883056640625e-06;69.05414938926697;44.17402148246765;2.86102294921875e-06;28.861676692962646;0.001735687255859375;144.69709038734436
5;32;18;3;3072;False;0.024836063385009766;0.0005176067352294922;2.5987625122070312e-05;2.58905029296875;5.9604644775390625e-06;69.04955577850342;44.15752196311951;1.9073486328125e-06;28.86749291419983;0.0020821094512939453;144.6911301612854
5;32;20;3;3072;False;0.024794340133666992;0.0005474090576171875;2.6226043701171875e-05;2.6006112098693848;6.198883056640625e-06;69.05781960487366;44.16037631034851;2.384185791015625e-06;28.823701858520508;0.002496480941772461;144.6704182624817
2;32;5;2;3072;False;0.024521350860595703;0.0003147125244140625;2.5272369384765625e-05;2.5256543159484863;5.9604644775390625e-06;27.61556315422058;17.671358585357666;1.6689300537109375e-06;2.8913934230804443;8.893013000488281e-05;50.728941202163696
3;32;5;2;3072;False;0.02457737922668457;0.00032520294189453125;2.574920654296875e-05;2.5272302627563477;5.9604644775390625e-06;41.42958307266235;26.495705604553223;1.9073486328125e-06;3.8525047302246094;8.654594421386719e-05;74.33006834983826
4;32;5;3;3072;False;0.024747610092163086;0.0003216266632080078;2.47955322265625e-05;2.5268120765686035;7.152557373046875e-06;55.22242832183838;35.32976317405701;2.86102294921875e-06;4.814596176147461;9.34600830078125e-05;97.91882801055908
5;32;5;3;3072;False;0.024813175201416016;0.0003428459167480469;2.5510787963867188e-05;2.526682138442993;8.106231689453125e-06;69.03796815872192;44.187602043151855;2.1457672119140625e-06;5.7696373462677;9.131431579589844e-05;121.54721069335938
6;32;5;4;3072;False;0.025097131729125977;0.00032782554626464844;2.5987625122070312e-05;2.5269615650177;6.198883056640625e-06;82.84451913833618;53.007306814193726;1.9073486328125e-06;7.70153284072876;8.368492126464844e-05;146.1059103012085
7;32;5;4;3072;False;0.025171756744384766;0.0003218650817871094;2.5033950805664062e-05;2.5311315059661865;7.867813110351562e-06;96.71068692207336;61.84718132019043;3.337860107421875e-06;8.660571098327637;8.869171142578125e-05;169.77524614334106
8;32;5;5;3072;False;0.025325775146484375;0.00032830238342285156;2.4557113647460938e-05;2.5319879055023193;8.344650268554688e-06;110.56615400314331;70.70707869529724;2.6226043701171875e-06;9.617974519729614;9.012222290039062e-05;193.44903421401978
9;32;5;5;3072;False;0.025476694107055664;0.0003228187561035156;2.288818359375e-05;2.5262768268585205;6.4373016357421875e-06;124.31704354286194;79.50024390220642;3.814697265625e-06;10.570607423782349;8.96453857421875e-05;216.9401571750641
10;32;5;6;3072;False;0.0257570743560791;0.0003247261047363281;2.6226043701171875e-05;2.526731252670288;5.7220458984375e-06;138.16400003433228;88.33641791343689;3.5762786865234375e-06;12.487871646881104;9.107589721679688e-05;241.54130792617798
